district,crop,season,year,avg_percent,payout
Ahmadnagar,Pomegranate,Rabi,2020,0.0,0.0
Ahmadnagar,Pomegranate,Rabi,2021,0.0,0.0
Ahmadnagar,Pomegranate,Rabi,2022,0.0,0.0
Ahmadnagar,Pomegranate,Rabi,2023,0.0,0.0
Ahmadnagar,Mango,Kharif,2020,0.0,0.0
Ahmadnagar,Mango,Kharif,2021,0.0,0.0
Ahmadnagar,Mango,Kharif,2022,0.0,0.0
Ahmadnagar,Mango,Kharif,2023,0.0,0.0
Akola,Pomegranate,Rabi,2020,0.0,0.0
Akola,Pomegranate,Rabi,2021,0.0,0.0
Akola,Pomegranate,Rabi,2022,0.0,0.0
Akola,Pomegranate,Rabi,2023,0.0,0.0
Akola,Mango,Kharif,2020,0.0,0.0
Akola,Mango,Kharif,2021,0.0,0.0
Akola,Mango,Kharif,2022,0.0,0.0
Akola,Mango,Kharif,2023,0.0,0.0
Amravati,Pomegranate,Kharif,2020,0.0,0.0
Amravati,Pomegranate,Rabi,2020,0.0,0.0
Amravati,Pomegranate,Rabi,2021,0.0,0.0
Amravati,Pomegranate,Rabi,2022,0.0,0.0
Amravati,Pomegranate,Rabi,2023,0.0,0.0
Amravati,Mango,Kharif,2020,0.0,0.0
Amravati,Mango,Kharif,2021,0.0,0.0
Amravati,Mango,Kharif,2022,0.0,0.0
Amravati,Mango,Kharif,2023,0.0,0.0
Aurangabad,Pomegranate,Kharif,2020,0.0,0.0
Aurangabad,Pomegranate,Rabi,2020,0.0,0.0
Aurangabad,Pomegranate,Rabi,2021,0.0,0.0
Aurangabad,Pomegranate,Rabi,2022,0.0,0.0
Aurangabad,Pomegranate,Rabi,2023,0.0,0.0
Aurangabad,Mango,Kharif,2020,0.0,0.0
Aurangabad,Mango,Kharif,2021,0.0,0.0
Aurangabad,Mango,Kharif,2022,0.0,0.0
Aurangabad,Mango,Kharif,2023,0.0,0.0
Bid,Pomegranate,Kharif,2020,0.0,0.0
Bid,Pomegranate,Rabi,2020,0.0,0.0
Bid,Pomegranate,Rabi,2021,0.0,0.0
Bid,Pomegranate,Rabi,2022,0.0,0.0
Bid,Pomegranate,Rabi,2023,0.0,0.0
Bid,Mango,Kharif,2020,0.0,0.0
Bid,Mango,Kharif,2021,0.0,0.0
Bid,Mango,Kharif,2022,0.0,0.0
Bid,Mango,Kharif,2023,0.0,0.0
Buldana,Pomegranate,Kharif,2020,0.0,0.0
Buldana,Pomegranate,Rabi,2020,0.0,0.0
Buldana,Pomegranate,Rabi,2021,0.0,0.0
Buldana,Pomegranate,Rabi,2022,0.0,0.0
Buldana,Pomegranate,Rabi,2023,0.0,0.0
Buldana,Mango,Kharif,2020,0.0,0.0
Buldana,Mango,Kharif,2021,0.0,0.0
Buldana,Mango,Kharif,2022,0.0,0.0
Buldana,Mango,Kharif,2023,0.0,0.0
Dhule,Pomegranate,Kharif,2020,0.0,0.0
Dhule,Pomegranate,Rabi,2020,0.0,0.0
Dhule,Pomegranate,Rabi,2021,0.0,0.0
Dhule,Pomegranate,Rabi,2022,0.0,0.0
Dhule,Pomegranate,Rabi,2023,0.0,0.0
Dhule,Mango,Kharif,2020,0.0,0.0
Dhule,Mango,Kharif,2021,0.0,0.0
Dhule,Mango,Kharif,2022,0.0,0.0
Dhule,Mango,Kharif,2023,0.0,0.0
Hingoli,Pomegranate,Rabi,2020,0.0,0.0
Hingoli,Pomegranate,Rabi,2021,0.0,0.0
Hingoli,Pomegranate,Rabi,2022,0.0,0.0
Hingoli,Pomegranate,Rabi,2023,0.0,0.0
Hingoli,Mango,Kharif,2020,0.0,0.0
Hingoli,Mango,Kharif,2021,0.0,0.0
Hingoli,Mango,Kharif,2022,0.0,0.0
Hingoli,Mango,Kharif,2023,0.0,0.0
Jalgaon,Pomegranate,Kharif,2020,0.0,0.0
Jalgaon,Pomegranate,Rabi,2020,0.0,0.0
Jalgaon,Pomegranate,Rabi,2021,0.0,0.0
Jalgaon,Pomegranate,Rabi,2022,0.0,0.0
Jalgaon,Pomegranate,Rabi,2023,0.0,0.0
Jalgaon,Mango,Kharif,2020,0.0,0.0
Jalgaon,Mango,Kharif,2021,0.0,0.0
Jalgaon,Mango,Kharif,2022,0.0,0.0
Jalgaon,Mango,Kharif,2023,0.0,0.0
Jalna,Pomegranate,Kharif,2020,0.0,0.0
Jalna,Pomegranate,Rabi,2020,0.0,0.0
Jalna,Pomegranate,Rabi,2021,0.0,0.0
Jalna,Pomegranate,Rabi,2022,0.0,0.0
Jalna,Pomegranate,Rabi,2023,0.0,0.0
Jalna,Mango,Kharif,2020,0.0,0.0
Jalna,Mango,Kharif,2021,0.0,0.0
Jalna,Mango,Kharif,2022,0.0,0.0
Jalna,Mango,Kharif,2023,0.0,0.0
Kolhapur,Pomegranate,Kharif,2020,0.0,0.0
Kolhapur,Pomegranate,Rabi,2020,0.0,0.0
Kolhapur,Pomegranate,Rabi,2021,0.0,0.0
Kolhapur,Pomegranate,Rabi,2022,0.0,0.0
Kolhapur,Pomegranate,Rabi,2023,0.0,0.0
Kolhapur,Mango,Kharif,2020,0.0,0.0
Kolhapur,Mango,Kharif,2021,0.0,0.0
Kolhapur,Mango,Kharif,2022,0.0,0.0
Kolhapur,Mango,Kharif,2023,0.0,0.0
Kolhapur,Mango,Rabi,2020,0.0,0.0
Kolhapur,Mango,Rabi,2021,0.0,0.0
Kolhapur,Mango,Rabi,2022,0.0,0.0
Kolhapur,Mango,Rabi,2023,0.0,0.0
Latur,Pomegranate,Kharif,2020,0.0,0.0
Latur,Pomegranate,Kharif,2021,0.0,0.0
Latur,Pomegranate,Kharif,2022,0.0,0.0
Latur,Pomegranate,Kharif,2023,0.0,0.0
Latur,Pomegranate,Rabi,2020,0.0,0.0
Latur,Pomegranate,Rabi,2021,0.0,0.0
Latur,Pomegranate,Rabi,2022,0.0,0.0
Latur,Pomegranate,Rabi,2023,0.0,0.0
Latur,Mango,Kharif,2020,0.0,0.0
Latur,Mango,Kharif,2021,0.0,0.0
Latur,Mango,Kharif,2022,0.0,0.0
Latur,Mango,Kharif,2023,0.0,0.0
Latur,Mango,Rabi,2020,0.0,0.0
Latur,Mango,Rabi,2021,0.0,0.0
Latur,Mango,Rabi,2022,0.0,0.0
Latur,Mango,Rabi,2023,0.0,0.0
Nanded,Pomegranate,Kharif,2020,0.0,0.0
Nanded,Pomegranate,Kharif,2021,0.0,0.0
Nanded,Pomegranate,Kharif,2022,0.0,0.0
Nanded,Pomegranate,Kharif,2023,0.0,0.0
Nanded,Pomegranate,Rabi,2020,0.0,0.0
Nanded,Pomegranate,Rabi,2021,0.0,0.0
Nanded,Pomegranate,Rabi,2022,0.0,0.0
Nanded,Pomegranate,Rabi,2023,0.0,0.0
Nanded,Mango,Kharif,2020,0.0,0.0
Nanded,Mango,Kharif,2021,0.0,0.0
Nanded,Mango,Kharif,2022,0.0,0.0
Nanded,Mango,Kharif,2023,0.0,0.0
Nanded,Mango,Rabi,2020,0.0,0.0
Nanded,Mango,Rabi,2021,0.0,0.0
Nanded,Mango,Rabi,2022,0.0,0.0
Nanded,Mango,Rabi,2023,0.0,0.0
Nandurbar,Pomegranate,Kharif,2020,0.0,0.0
Nandurbar,Pomegranate,Kharif,2021,0.0,0.0
Nandurbar,Pomegranate,Kharif,2022,0.0,0.0
Nandurbar,Pomegranate,Kharif,2023,0.0,0.0
Nandurbar,Pomegranate,Rabi,2020,0.0,0.0
Nandurbar,Pomegranate,Rabi,2021,0.0,0.0
Nandurbar,Pomegranate,Rabi,2022,0.0,0.0
Nandurbar,Pomegranate,Rabi,2023,0.0,0.0
Nandurbar,Mango,Kharif,2020,0.0,0.0
Nandurbar,Mango,Kharif,2021,0.0,0.0
Nandurbar,Mango,Kharif,2022,0.0,0.0
Nandurbar,Mango,Kharif,2023,0.0,0.0
Nandurbar,Mango,Rabi,2020,0.0,0.0
Nandurbar,Mango,Rabi,2021,0.0,0.0
Nandurbar,Mango,Rabi,2022,0.0,0.0
Nashik,Pomegranate,Kharif,2020,0.0,0.0
Nashik,Pomegranate,Rabi,2020,0.0,0.0
Nashik,Pomegranate,Rabi,2021,0.0,0.0
Nashik,Pomegranate,Rabi,2022,0.0,0.0
Nashik,Pomegranate,Rabi,2023,0.0,0.0
Nashik,Mango,Kharif,2020,0.0,0.0
Nashik,Mango,Kharif,2021,0.0,0.0
Nashik,Mango,Kharif,2022,0.0,0.0
Nashik,Mango,Kharif,2023,0.0,0.0
Osmanabad,Pomegranate,Kharif,2020,0.0,0.0
Osmanabad,Pomegranate,Rabi,2020,0.0,0.0
Osmanabad,Pomegranate,Rabi,2021,0.0,0.0
Osmanabad,Pomegranate,Rabi,2022,0.0,0.0
Osmanabad,Pomegranate,Rabi,2023,0.0,0.0
Osmanabad,Mango,Kharif,2020,0.0,0.0
Osmanabad,Mango,Kharif,2021,0.0,0.0
Osmanabad,Mango,Kharif,2022,0.0,0.0
Osmanabad,Mango,Kharif,2023,0.0,0.0
Palghar,Pomegranate,Kharif,2020,0.0,0.0
Palghar,Pomegranate,Kharif,2022,0.0,0.0
Palghar,Pomegranate,Rabi,2020,0.0,0.0
Palghar,Pomegranate,Rabi,2021,0.0,0.0
Palghar,Pomegranate,Rabi,2022,0.0,0.0
Palghar,Pomegranate,Rabi,2023,0.0,0.0
Palghar,Mango,Kharif,2020,0.0,0.0
Palghar,Mango,Kharif,2021,0.0,0.0
Palghar,Mango,Kharif,2022,0.0,0.0
Palghar,Mango,Kharif,2023,0.0,0.0
Palghar,Mango,Rabi,2020,0.0,0.0
Palghar,Mango,Rabi,2021,0.0,0.0
Palghar,Mango,Rabi,2022,0.0,0.0
Palghar,Mango,Rabi,2023,0.0,0.0
Parbhani,Pomegranate,Rabi,2020,0.0,0.0
Parbhani,Pomegranate,Rabi,2021,0.0,0.0
Parbhani,Pomegranate,Rabi,2022,0.0,0.0
Parbhani,Pomegranate,Rabi,2023,0.0,0.0
Parbhani,Mango,Kharif,2020,0.0,0.0
Parbhani,Mango,Kharif,2021,0.0,0.0
Parbhani,Mango,Kharif,2022,0.0,0.0
Parbhani,Mango,Kharif,2023,0.0,0.0
Pune,Pomegranate,Kharif,2020,0.0,0.0
Pune,Pomegranate,Kharif,2022,0.0,0.0
Pune,Pomegranate,Rabi,2020,0.0,0.0
Pune,Pomegranate,Rabi,2021,0.0,0.0
Pune,Pomegranate,Rabi,2022,0.0,0.0
Pune,Pomegranate,Rabi,2023,0.0,0.0
Pune,Mango,Kharif,2020,0.0,0.0
Pune,Mango,Kharif,2021,0.0,0.0
Pune,Mango,Kharif,2022,0.0,0.0
Pune,Mango,Kharif,2023,0.0,0.0
Raigarh,Pomegranate,Kharif,2020,0.0,0.0
Raigarh,Pomegranate,Kharif,2022,0.0,0.0
Raigarh,Pomegranate,Rabi,2020,0.0,0.0
Raigarh,Pomegranate,Rabi,2021,0.0,0.0
Raigarh,Pomegranate,Rabi,2022,0.0,0.0
Raigarh,Pomegranate,Rabi,2023,0.0,0.0
Raigarh,Mango,Kharif,2020,0.0,0.0
Raigarh,Mango,Kharif,2021,0.0,0.0
Raigarh,Mango,Kharif,2022,0.0,0.0
Raigarh,Mango,Kharif,2023,0.0,0.0
Raigarh,Mango,Rabi,2020,0.0,0.0
Raigarh,Mango,Rabi,2023,0.0,0.0
Ratnagiri,Pomegranate,Kharif,2020,0.0,0.0
Ratnagiri,Pomegranate,Kharif,2022,0.0,0.0
Ratnagiri,Pomegranate,Rabi,2020,0.0,0.0
Ratnagiri,Pomegranate,Rabi,2021,0.0,0.0
Ratnagiri,Pomegranate,Rabi,2022,0.0,0.0
Ratnagiri,Pomegranate,Rabi,2023,0.0,0.0
Ratnagiri,Mango,Kharif,2020,0.0,0.0
Ratnagiri,Mango,Kharif,2021,0.0,0.0
Ratnagiri,Mango,Kharif,2022,0.0,0.0
Ratnagiri,Mango,Kharif,2023,0.0,0.0
Ratnagiri,Mango,Rabi,2020,47.75,66850.0
Ratnagiri,Mango,Rabi,2021,0.0,0.0
Ratnagiri,Mango,Rabi,2022,0.0,0.0
Ratnagiri,Mango,Rabi,2023,40.0,56000.0
Sangli,Pomegranate,Kharif,2020,0.0,0.0
Sangli,Pomegranate,Kharif,2022,0.0,0.0
Sangli,Pomegranate,Rabi,2020,0.0,0.0
Sangli,Pomegranate,Rabi,2021,0.0,0.0
Sangli,Pomegranate,Rabi,2022,0.0,0.0
Sangli,Pomegranate,Rabi,2023,0.0,0.0
Sangli,Mango,Kharif,2020,0.0,0.0
Sangli,Mango,Kharif,2021,0.0,0.0
Sangli,Mango,Kharif,2022,0.0,0.0
Sangli,Mango,Kharif,2023,0.0,0.0
Satara,Pomegranate,Kharif,2020,0.0,0.0
Satara,Pomegranate,Kharif,2022,0.0,0.0
Satara,Pomegranate,Rabi,2020,0.0,0.0
Satara,Pomegranate,Rabi,2021,0.0,0.0
Satara,Pomegranate,Rabi,2022,0.0,0.0
Satara,Pomegranate,Rabi,2023,0.0,0.0
Satara,Mango,Kharif,2020,0.0,0.0
Satara,Mango,Kharif,2021,0.0,0.0
Satara,Mango,Kharif,2022,0.0,0.0
Satara,Mango,Kharif,2023,0.0,0.0
Sindhudurg,Pomegranate,Kharif,2020,0.0,0.0
Sindhudurg,Pomegranate,Kharif,2022,0.0,0.0
Sindhudurg,Pomegranate,Rabi,2020,0.0,0.0
Sindhudurg,Pomegranate,Rabi,2021,0.0,0.0
Sindhudurg,Pomegranate,Rabi,2022,0.0,0.0
Sindhudurg,Pomegranate,Rabi,2023,0.0,0.0
Sindhudurg,Mango,Kharif,2020,0.0,0.0
Sindhudurg,Mango,Kharif,2021,0.0,0.0
Sindhudurg,Mango,Kharif,2022,0.0,0.0
Sindhudurg,Mango,Kharif,2023,0.0,0.0
Sindhudurg,Mango,Rabi,2021,0.0,0.0
Sindhudurg,Mango,Rabi,2023,22.5,31500.0
Solapur,Pomegranate,Rabi,2020,0.0,0.0
Solapur,Pomegranate,Rabi,2021,0.0,0.0
Solapur,Pomegranate,Rabi,2022,0.0,0.0
Solapur,Pomegranate,Rabi,2023,0.0,0.0
Solapur,Mango,Kharif,2020,0.0,0.0
Solapur,Mango,Kharif,2021,0.0,0.0
Solapur,Mango,Kharif,2022,0.0,0.0
Solapur,Mango,Kharif,2023,0.0,0.0
Thane,Pomegranate,Kharif,2020,0.0,0.0
Thane,Pomegranate,Kharif,2022,0.0,0.0
Thane,Pomegranate,Rabi,2020,0.0,0.0
Thane,Pomegranate,Rabi,2021,0.0,0.0
Thane,Pomegranate,Rabi,2022,0.0,0.0
Thane,Pomegranate,Rabi,2023,0.0,0.0
Thane,Mango,Kharif,2020,0.0,0.0
Thane,Mango,Kharif,2021,0.0,0.0
Thane,Mango,Kharif,2022,0.0,0.0
Thane,Mango,Kharif,2023,0.0,0.0
Thane,Mango,Rabi,2023,0.0,0.0
Washim,Pomegranate,Kharif,2020,0.0,0.0
Washim,Pomegranate,Rabi,2020,0.0,0.0
Washim,Pomegranate,Rabi,2021,0.0,0.0
Washim,Pomegranate,Rabi,2022,0.0,0.0
Washim,Pomegranate,Rabi,2023,0.0,0.0
Washim,Mango,Kharif,2020,0.0,0.0
Washim,Mango,Kharif,2021,0.0,0.0
Washim,Mango,Kharif,2022,0.0,0.0
Washim,Mango,Kharif,2023,0.0,0.0
