district,crop,season,year,avg_percent,payout
Ahmadnagar,Pomegranate,Kharif,2020,9.18,11927.5
Ahmadnagar,Pomegranate,Kharif,2021,19.93,25902.5
Ahmadnagar,Pomegranate,Kharif,2022,19.75,25675
Ahmadnagar,Pomegranate,Kharif,2023,40,52000
Ahmadnagar,Pomegranate,Rabi,2020,0,0
Ahmadnagar,Pomegranate,Rabi,2021,0,0
Ahmadnagar,Pomegranate,Rabi,2022,0,0
Ahmadnagar,Pomegranate,Rabi,2023,0,0
Ahmadnagar,Mango,Kharif,2020,0,0
Ahmadnagar,Mango,Kharif,2021,0,0
Ahmadnagar,Mango,Kharif,2022,0,0
Ahmadnagar,Mango,Kharif,2023,0,0
Ahmadnagar,Mango,Rabi,2020,40,56000
Ahmadnagar,Mango,Rabi,2021,46.12,64575
Ahmadnagar,Mango,Rabi,2022,49.92,69895
Ahmadnagar,Mango,Rabi,2023,66.05,92470
Akola,Pomegranate,Kharif,2020,9.32,12122.5
Akola,Pomegranate,Kharif,2021,10,13000
Akola,Pomegranate,Kharif,2022,10,13000
Akola,Pomegranate,Kharif,2023,39.03,50732.5
Akola,Pomegranate,Rabi,2020,0,0
Akola,Pomegranate,Rabi,2021,0,0
Akola,Pomegranate,Rabi,2022,0,0
Akola,Pomegranate,Rabi,2023,0,0
Akola,Mango,Kharif,2020,0,0
Akola,Mango,Kharif,2021,0,0
Akola,Mango,Kharif,2022,0,0
Akola,Mango,Kharif,2023,0,0
Akola,Mango,Rabi,2020,59.6,83440
Akola,Mango,Rabi,2021,40,56000
Akola,Mango,Rabi,2022,45.47,63656.25
Akola,Mango,Rabi,2023,0,0
Amravati,Pomegranate,Kharif,2020,0,0
Amravati,Pomegranate,Kharif,2021,0,0
Amravati,Pomegranate,Kharif,2022,0,0
Amravati,Pomegranate,Kharif,2023,0,0
Amravati,Pomegranate,Rabi,2020,0,0
Amravati,Pomegranate,Rabi,2021,0,0
Amravati,Pomegranate,Rabi,2022,0,0
Amravati,Pomegranate,Rabi,2023,0,0
Amravati,Mango,Kharif,2020,0,0
Amravati,Mango,Kharif,2021,0,0
Amravati,Mango,Kharif,2022,0,0
Amravati,Mango,Kharif,2023,0,0
Amravati,Mango,Rabi,2020,0,0
Amravati,Mango,Rabi,2021,0,0
Amravati,Mango,Rabi,2022,0,0
Amravati,Mango,Rabi,2023,0,0
Aurangabad,Pomegranate,Kharif,2020,0,0
Aurangabad,Pomegranate,Kharif,2021,0,0
Aurangabad,Pomegranate,Kharif,2022,0,0
Aurangabad,Pomegranate,Kharif,2023,0,0
Aurangabad,Pomegranate,Rabi,2020,0,0
Aurangabad,Pomegranate,Rabi,2021,0,0
Aurangabad,Pomegranate,Rabi,2022,0,0
Aurangabad,Pomegranate,Rabi,2023,0,0
Aurangabad,Mango,Kharif,2020,0,0
Aurangabad,Mango,Kharif,2021,0,0
Aurangabad,Mango,Kharif,2022,0,0
Aurangabad,Mango,Kharif,2023,0,0
Aurangabad,Mango,Rabi,2020,0,0
Aurangabad,Mango,Rabi,2021,0,0
Aurangabad,Mango,Rabi,2022,0,0
Aurangabad,Mango,Rabi,2023,0,0
Bid,Pomegranate,Kharif,2020,0,0
Bid,Pomegranate,Kharif,2021,0,0
Bid,Pomegranate,Kharif,2022,0,0
Bid,Pomegranate,Kharif,2023,0,0
Bid,Pomegranate,Rabi,2020,0,0
Bid,Pomegranate,Rabi,2021,0,0
Bid,Pomegranate,Rabi,2022,0,0
Bid,Pomegranate,Rabi,2023,0,0
Bid,Mango,Kharif,2020,0,0
Bid,Mango,Kharif,2021,0,0
Bid,Mango,Kharif,2022,0,0
Bid,Mango,Kharif,2023,0,0
Bid,Mango,Rabi,2020,0,0
Bid,Mango,Rabi,2021,0,0
Bid,Mango,Rabi,2022,0,0
Bid,Mango,Rabi,2023,0,0
Buldana,Pomegranate,Kharif,2020,0,0
Buldana,Pomegranate,Kharif,2021,0,0
Buldana,Pomegranate,Kharif,2022,0,0
Buldana,Pomegranate,Kharif,2023,0,0
Buldana,Pomegranate,Rabi,2020,0,0
Buldana,Pomegranate,Rabi,2021,0,0
Buldana,Pomegranate,Rabi,2022,0,0
Buldana,Pomegranate,Rabi,2023,0,0
Buldana,Mango,Kharif,2020,0,0
Buldana,Mango,Kharif,2021,0,0
Buldana,Mango,Kharif,2022,0,0
Buldana,Mango,Kharif,2023,0,0
Buldana,Mango,Rabi,2020,0,0
Buldana,Mango,Rabi,2021,0,0
Buldana,Mango,Rabi,2022,0,0
Buldana,Mango,Rabi,2023,0,0
Dhule,Pomegranate,Kharif,2020,0,0
Dhule,Pomegranate,Kharif,2021,0,0
Dhule,Pomegranate,Kharif,2022,0,0
Dhule,Pomegranate,Kharif,2023,0,0
Dhule,Pomegranate,Rabi,2020,0,0
Dhule,Pomegranate,Rabi,2021,0,0
Dhule,Pomegranate,Rabi,2022,0,0
Dhule,Pomegranate,Rabi,2023,0,0
Dhule,Mango,Kharif,2020,0,0
Dhule,Mango,Kharif,2021,0,0
Dhule,Mango,Kharif,2022,0,0
Dhule,Mango,Kharif,2023,0,0
Dhule,Mango,Rabi,2020,0,0
Dhule,Mango,Rabi,2021,0,0
Dhule,Mango,Rabi,2022,0,0
Dhule,Mango,Rabi,2023,0,0
Hingoli,Pomegranate,Kharif,2020,0,0
Hingoli,Pomegranate,Kharif,2021,0,0
Hingoli,Pomegranate,Kharif,2022,0,0
Hingoli,Pomegranate,Kharif,2023,0,0
Hingoli,Pomegranate,Rabi,2020,0,0
Hingoli,Pomegranate,Rabi,2021,0,0
Hingoli,Pomegranate,Rabi,2022,0,0
Hingoli,Pomegranate,Rabi,2023,0,0
Hingoli,Mango,Kharif,2020,0,0
Hingoli,Mango,Kharif,2021,0,0
Hingoli,Mango,Kharif,2022,0,0
Hingoli,Mango,Kharif,2023,0,0
Hingoli,Mango,Rabi,2020,0,0
Hingoli,Mango,Rabi,2021,0,0
Hingoli,Mango,Rabi,2022,0,0
Hingoli,Mango,Rabi,2023,0,0
Jalgaon,Pomegranate,Kharif,2020,0,0
Jalgaon,Pomegranate,Kharif,2021,0,0
Jalgaon,Pomegranate,Kharif,2022,0,0
Jalgaon,Pomegranate,Kharif,2023,0,0
Jalgaon,Pomegranate,Rabi,2020,0,0
Jalgaon,Pomegranate,Rabi,2021,0,0
Jalgaon,Pomegranate,Rabi,2022,0,0
Jalgaon,Pomegranate,Rabi,2023,0,0
Jalgaon,Mango,Kharif,2020,0,0
Jalgaon,Mango,Kharif,2021,0,0
Jalgaon,Mango,Kharif,2022,0,0
Jalgaon,Mango,Kharif,2023,0,0
Jalgaon,Mango,Rabi,2020,65.45,91630
Jalgaon,Mango,Rabi,2021,49.6,69440
Jalgaon,Mango,Rabi,2022,39.12,54775
Jalgaon,Mango,Rabi,2023,66.17,92645
Jalna,Pomegranate,Kharif,2020,0,0
Jalna,Pomegranate,Kharif,2021,10,13000
Jalna,Pomegranate,Kharif,2022,20,26000
Jalna,Pomegranate,Kharif,2023,59.27,77057.5
Jalna,Pomegranate,Rabi,2020,0,0
Jalna,Pomegranate,Rabi,2021,0,0
Jalna,Pomegranate,Rabi,2022,0,0
Jalna,Pomegranate,Rabi,2023,0,0
Jalna,Mango,Kharif,2020,0,0
Jalna,Mango,Kharif,2021,0,0
Jalna,Mango,Kharif,2022,0,0
Jalna,Mango,Kharif,2023,0,0
Jalna,Mango,Rabi,2020,45.13,63175
Jalna,Mango,Rabi,2021,56.65,79310
Jalna,Mango,Rabi,2022,38.17,53445
Jalna,Mango,Rabi,2023,62.87,88025
Kolhapur,Pomegranate,Kharif,2020,0,0
Kolhapur,Pomegranate,Kharif,2021,19.75,25675
Kolhapur,Pomegranate,Kharif,2022,9,11700
Kolhapur,Pomegranate,Kharif,2023,38.33,49822.5
Kolhapur,Pomegranate,Rabi,2020,0,0
Kolhapur,Pomegranate,Rabi,2021,0,0
Kolhapur,Pomegranate,Rabi,2022,0,0
Kolhapur,Pomegranate,Rabi,2023,0,0
Kolhapur,Mango,Kharif,2020,0,0
Kolhapur,Mango,Kharif,2021,0,0
Kolhapur,Mango,Kharif,2022,0,0
Kolhapur,Mango,Kharif,2023,0,0
Kolhapur,Mango,Rabi,2020,19.8,27720
Kolhapur,Mango,Rabi,2021,10,14000
Kolhapur,Mango,Rabi,2022,39,54600
Kolhapur,Mango,Rabi,2023,29.9,41860
Latur,Pomegranate,Kharif,2020,19.85,25805
Latur,Pomegranate,Kharif,2021,10,13000
Latur,Pomegranate,Kharif,2022,18.43,23952.5
Latur,Pomegranate,Kharif,2023,40,52000
Latur,Pomegranate,Rabi,2020,0,0
Latur,Pomegranate,Rabi,2021,0,0
Latur,Pomegranate,Rabi,2022,0,0
Latur,Pomegranate,Rabi,2023,0,0
Latur,Mango,Kharif,2020,0,0
Latur,Mango,Kharif,2021,0,0
Latur,Mango,Kharif,2022,0,0
Latur,Mango,Kharif,2023,0,0
Latur,Mango,Rabi,2020,58.9,82460
Latur,Mango,Rabi,2021,50,70000
Latur,Mango,Rabi,2022,47.7,66780
Latur,Mango,Rabi,2023,64.6,90440
Nanded,Pomegranate,Kharif,2020,9.3,12090
Nanded,Pomegranate,Kharif,2021,10,13000
Nanded,Pomegranate,Kharif,2022,19.28,25057.5
Nanded,Pomegranate,Kharif,2023,39.45,51285
Nanded,Pomegranate,Rabi,2020,0,0
Nanded,Pomegranate,Rabi,2021,0,0
Nanded,Pomegranate,Rabi,2022,0,0
Nanded,Pomegranate,Rabi,2023,0,0
Nanded,Mango,Kharif,2020,0,0
Nanded,Mango,Kharif,2021,0,0
Nanded,Mango,Kharif,2022,0,0
Nanded,Mango,Kharif,2023,0,0
Nanded,Mango,Rabi,2020,59.2,82880
Nanded,Mango,Rabi,2021,40,56000
Nanded,Mango,Rabi,2022,53.27,74585
Nanded,Mango,Rabi,2023,46.02,64435
Nandurbar,Pomegranate,Kharif,2020,9.68,12577.5
Nandurbar,Pomegranate,Kharif,2021,10,13000
Nandurbar,Pomegranate,Kharif,2022,19.35,25155
Nandurbar,Pomegranate,Kharif,2023,50,65000
Nandurbar,Pomegranate,Rabi,2020,0,0
Nandurbar,Pomegranate,Rabi,2021,0,0
Nandurbar,Pomegranate,Rabi,2022,0,0
Nandurbar,Pomegranate,Rabi,2023,0,0
Nandurbar,Mango,Kharif,2020,0,0
Nandurbar,Mango,Kharif,2021,0,0
Nandurbar,Mango,Kharif,2022,0,0
Nandurbar,Mango,Kharif,2023,0,0
Nandurbar,Mango,Rabi,2020,64.9,90860
Nandurbar,Mango,Rabi,2021,52.97,74165
Nandurbar,Mango,Rabi,2022,41.08,57505
Nandurbar,Mango,Rabi,2023,66.95,93730
Nashik,Pomegranate,Kharif,2020,0,0
Nashik,Pomegranate,Kharif,2021,9.8,12740
Nashik,Pomegranate,Kharif,2022,9.85,12805
Nashik,Pomegranate,Kharif,2023,48.2,62660
Nashik,Pomegranate,Rabi,2020,0,0
Nashik,Pomegranate,Rabi,2021,0,0
Nashik,Pomegranate,Rabi,2022,0,0
Nashik,Pomegranate,Rabi,2023,0,0
Nashik,Mango,Kharif,2020,0,0
Nashik,Mango,Kharif,2021,0,0
Nashik,Mango,Kharif,2022,0,0
Nashik,Mango,Kharif,2023,0,0
Nashik,Mango,Rabi,2020,49.38,69125
Nashik,Mango,Rabi,2021,39.7,55580
Nashik,Mango,Rabi,2022,46.98,65765
Nashik,Mango,Rabi,2023,58.95,82530
Osmanabad,Pomegranate,Kharif,2020,0,0
Osmanabad,Pomegranate,Kharif,2021,19.93,25902.5
Osmanabad,Pomegranate,Kharif,2022,19.55,25415
Osmanabad,Pomegranate,Kharif,2023,40,52000
Osmanabad,Pomegranate,Rabi,2020,0,0
Osmanabad,Pomegranate,Rabi,2021,0,0
Osmanabad,Pomegranate,Rabi,2022,0,0
Osmanabad,Pomegranate,Rabi,2023,0,0
Osmanabad,Mango,Kharif,2020,0,0
Osmanabad,Mango,Kharif,2021,0,0
Osmanabad,Mango,Kharif,2022,0,0
Osmanabad,Mango,Kharif,2023,0,0
Osmanabad,Mango,Rabi,2020,41.52,58135
Osmanabad,Mango,Rabi,2021,38.52,53935
Osmanabad,Mango,Rabi,2022,51.65,72310
Osmanabad,Mango,Rabi,2023,55.4,77560
Palghar,Pomegranate,Kharif,2020,0,0
Palghar,Pomegranate,Kharif,2021,9.18,11927.5
Palghar,Pomegranate,Kharif,2022,0,0
Palghar,Pomegranate,Kharif,2023,18.35,23855
Palghar,Pomegranate,Rabi,2020,0,0
Palghar,Pomegranate,Rabi,2021,0,0
Palghar,Pomegranate,Rabi,2022,0,0
Palghar,Pomegranate,Rabi,2023,0,0
Palghar,Mango,Kharif,2020,0,0
Palghar,Mango,Kharif,2021,0,0
Palghar,Mango,Kharif,2022,0,0
Palghar,Mango,Kharif,2023,0,0
Palghar,Mango,Rabi,2020,0,0
Palghar,Mango,Rabi,2021,0,0
Palghar,Mango,Rabi,2022,0,0
Palghar,Mango,Rabi,2023,0,0
Parbhani,Pomegranate,Kharif,2020,8.75,11375
Parbhani,Pomegranate,Kharif,2021,10,13000
Parbhani,Pomegranate,Kharif,2022,10,13000
Parbhani,Pomegranate,Kharif,2023,39.45,51285
Parbhani,Pomegranate,Rabi,2020,0,0
Parbhani,Pomegranate,Rabi,2021,0,0
Parbhani,Pomegranate,Rabi,2022,0,0
Parbhani,Pomegranate,Rabi,2023,0,0
Parbhani,Mango,Kharif,2020,0,0
Parbhani,Mango,Kharif,2021,0,0
Parbhani,Mango,Kharif,2022,0,0
Parbhani,Mango,Kharif,2023,0,0
Parbhani,Mango,Rabi,2020,50.77,71085
Parbhani,Mango,Rabi,2021,40,56000
Parbhani,Mango,Rabi,2022,56.27,78785
Parbhani,Mango,Rabi,2023,50.35,70490
Pune,Pomegranate,Kharif,2020,0,0
Pune,Pomegranate,Kharif,2021,10,13000
Pune,Pomegranate,Kharif,2022,0,0
Pune,Pomegranate,Kharif,2023,9.45,12285
Pune,Pomegranate,Rabi,2020,0,0
Pune,Pomegranate,Rabi,2021,0,0
Pune,Pomegranate,Rabi,2022,0,0
Pune,Pomegranate,Rabi,2023,0,0
Pune,Mango,Kharif,2020,0,0
Pune,Mango,Kharif,2021,0,0
Pune,Mango,Kharif,2022,0,0
Pune,Mango,Kharif,2023,0,0
Pune,Mango,Rabi,2020,29.75,41650
Pune,Mango,Rabi,2021,29.93,41895
Pune,Mango,Rabi,2022,19.4,27160
Pune,Mango,Rabi,2023,29.65,41510
Raigarh,Pomegranate,Kharif,2020,0,0
Raigarh,Pomegranate,Kharif,2021,9.7,12610
Raigarh,Pomegranate,Kharif,2022,0,0
Raigarh,Pomegranate,Kharif,2023,8.97,11667.5
Raigarh,Pomegranate,Rabi,2020,0,0
Raigarh,Pomegranate,Rabi,2021,0,0
Raigarh,Pomegranate,Rabi,2022,0,0
Raigarh,Pomegranate,Rabi,2023,0,0
Raigarh,Mango,Kharif,2020,0,0
Raigarh,Mango,Kharif,2021,0,0
Raigarh,Mango,Kharif,2022,0,0
Raigarh,Mango,Kharif,2023,0,0
Raigarh,Mango,Rabi,2020,0,0
Raigarh,Mango,Rabi,2021,9.9,13860
Raigarh,Mango,Rabi,2022,16.62,23275
Raigarh,Mango,Rabi,2023,0,0
Ratnagiri,Pomegranate,Kharif,2020,0,0
Ratnagiri,Pomegranate,Kharif,2021,9.98,12967.5
Ratnagiri,Pomegranate,Kharif,2022,0,0
Ratnagiri,Pomegranate,Kharif,2023,18.88,24537.5
Ratnagiri,Pomegranate,Rabi,2020,0,0
Ratnagiri,Pomegranate,Rabi,2021,0,0
Ratnagiri,Pomegranate,Rabi,2022,0,0
Ratnagiri,Pomegranate,Rabi,2023,0,0
Ratnagiri,Mango,Kharif,2020,0,0
Ratnagiri,Mango,Kharif,2021,0,0
Ratnagiri,Mango,Kharif,2022,0,0
Ratnagiri,Mango,Kharif,2023,0,0
Ratnagiri,Mango,Rabi,2020,9.55,13370
Ratnagiri,Mango,Rabi,2021,0,0
Ratnagiri,Mango,Rabi,2022,0,0
Ratnagiri,Mango,Rabi,2023,4,5600
Sangli,Pomegranate,Kharif,2020,0,0
Sangli,Pomegranate,Kharif,2021,20,26000
Sangli,Pomegranate,Kharif,2022,0,0
Sangli,Pomegranate,Kharif,2023,37.8,49140
Sangli,Pomegranate,Rabi,2020,0,0
Sangli,Pomegranate,Rabi,2021,0,0
Sangli,Pomegranate,Rabi,2022,0,0
Sangli,Pomegranate,Rabi,2023,0,0
Sangli,Mango,Kharif,2020,0,0
Sangli,Mango,Kharif,2021,0,0
Sangli,Mango,Kharif,2022,0,0
Sangli,Mango,Kharif,2023,0,0
Sangli,Mango,Rabi,2020,24.87,34825
Sangli,Mango,Rabi,2021,17.72,24815
Sangli,Mango,Rabi,2022,41.45,58030
Sangli,Mango,Rabi,2023,58.6,82040
Satara,Pomegranate,Kharif,2020,0,0
Satara,Pomegranate,Kharif,2021,10,13000
Satara,Pomegranate,Kharif,2022,0,0
Satara,Pomegranate,Kharif,2023,9.28,12057.5
Satara,Pomegranate,Rabi,2020,0,0
Satara,Pomegranate,Rabi,2021,0,0
Satara,Pomegranate,Rabi,2022,0,0
Satara,Pomegranate,Rabi,2023,0,0
Satara,Mango,Kharif,2020,0,0
Satara,Mango,Kharif,2021,0,0
Satara,Mango,Kharif,2022,0,0
Satara,Mango,Kharif,2023,0,0
Satara,Mango,Rabi,2020,19.28,26985
Satara,Mango,Rabi,2021,19.82,27755
Satara,Mango,Rabi,2022,24.13,33775
Satara,Mango,Rabi,2023,29.8,41720
Sindhudurg,Pomegranate,Kharif,2020,0,0
Sindhudurg,Pomegranate,Kharif,2021,9.75,12675
Sindhudurg,Pomegranate,Kharif,2022,0,0
Sindhudurg,Pomegranate,Kharif,2023,9.93,12902.5
Sindhudurg,Pomegranate,Rabi,2020,0,0
Sindhudurg,Pomegranate,Rabi,2021,0,0
Sindhudurg,Pomegranate,Rabi,2022,0,0
Sindhudurg,Pomegranate,Rabi,2023,0,0
Sindhudurg,Mango,Kharif,2020,0,0
Sindhudurg,Mango,Kharif,2021,0,0
Sindhudurg,Mango,Kharif,2022,0,0
Sindhudurg,Mango,Kharif,2023,0,0
Sindhudurg,Mango,Rabi,2020,16.05,22470
Sindhudurg,Mango,Rabi,2021,0,0
Sindhudurg,Mango,Rabi,2022,9.98,13965
Sindhudurg,Mango,Rabi,2023,2.25,3150
Solapur,Pomegranate,Kharif,2020,9.75,12675
Solapur,Pomegranate,Kharif,2021,19.18,24927.5
Solapur,Pomegranate,Kharif,2022,30,39000
Solapur,Pomegranate,Kharif,2023,40,52000
Solapur,Pomegranate,Rabi,2020,0,0
Solapur,Pomegranate,Rabi,2021,0,0
Solapur,Pomegranate,Rabi,2022,0,0
Solapur,Pomegranate,Rabi,2023,0,0
Solapur,Mango,Kharif,2020,0,0
Solapur,Mango,Kharif,2021,0,0
Solapur,Mango,Kharif,2022,0,0
Solapur,Mango,Kharif,2023,0,0
Solapur,Mango,Rabi,2020,35.08,49105
Solapur,Mango,Rabi,2021,38.22,53515
Solapur,Mango,Rabi,2022,51.52,72135
Solapur,Mango,Rabi,2023,57.3,80220
Thane,Pomegranate,Kharif,2020,0,0
Thane,Pomegranate,Kharif,2021,9.5,12350
Thane,Pomegranate,Kharif,2022,0,0
Thane,Pomegranate,Kharif,2023,9.72,12642.5
Thane,Pomegranate,Rabi,2020,0,0
Thane,Pomegranate,Rabi,2021,0,0
Thane,Pomegranate,Rabi,2022,0,0
Thane,Pomegranate,Rabi,2023,0,0
Thane,Mango,Kharif,2020,0,0
Thane,Mango,Kharif,2021,0,0
Thane,Mango,Kharif,2022,0,0
Thane,Mango,Kharif,2023,0,0
Thane,Mango,Rabi,2020,19.12,26775
Thane,Mango,Rabi,2021,10,14000
Thane,Mango,Rabi,2022,18.35,25690
Thane,Mango,Rabi,2023,0,0
Washim,Pomegranate,Kharif,2020,0,0
Washim,Pomegranate,Kharif,2021,10,13000
Washim,Pomegranate,Kharif,2022,10,13000
Washim,Pomegranate,Kharif,2023,38.98,50667.5
Washim,Pomegranate,Rabi,2020,0,0
Washim,Pomegranate,Rabi,2021,0,0
Washim,Pomegranate,Rabi,2022,0,0
Washim,Pomegranate,Rabi,2023,0,0
Washim,Mango,Kharif,2020,0,0
Washim,Mango,Kharif,2021,0,0
Washim,Mango,Kharif,2022,0,0
Washim,Mango,Kharif,2023,0,0
Washim,Mango,Rabi,2020,48.27,67585
Washim,Mango,Rabi,2021,39.55,55370
Washim,Mango,Rabi,2022,55.9,78260
Washim,Mango,Rabi,2023,51.78,72485
