district,crop,season,year,avg_percent,payout
Jalgaon,Pomegranate,Kharif,2015,29.6,38480
Jalgaon,Pomegranate,Kharif,2016,40,52000
Jalgaon,Pomegranate,Kharif,2017,20,26000
Jalgaon,Pomegranate,Rabi,2015,0,0
Jalgaon,Pomegranate,Rabi,2016,0,0
Jalgaon,Pomegranate,Rabi,2017,0,0
Jalgaon,Mango,Kharif,2015,0,0
Jalgaon,Mango,Kharif,2016,0,0
Jalgaon,Mango,Kharif,2017,0,0
Jalgaon,Mango,Rabi,2015,96.52,135135
Jalgaon,Mango,Rabi,2016,76.45,107030
Jalgaon,Mango,Rabi,2017,77.8,108920
Jalna,Pomegranate,Kharif,2015,29.73,38642.5
Jalna,Pomegranate,Kharif,2016,30,39000
Jalna,Pomegranate,Kharif,2017,19.5,25350
Jalna,Pomegranate,Rabi,2015,0,0
Jalna,Pomegranate,Rabi,2016,0,0
Jalna,Pomegranate,Rabi,2017,0,0
Jalna,Mango,Kharif,2015,0,0
Jalna,Mango,Kharif,2016,0,0
Jalna,Mango,Kharif,2017,0,0
Jalna,Mango,Rabi,2015,84.75,118650
Jalna,Mango,Rabi,2016,74.75,104650
Jalna,Mango,Rabi,2017,83.58,117005
Kolhapur,Pomegranate,Kharif,2015,37.55,48815
Kolhapur,Pomegranate,Kharif,2016,10,13000
Kolhapur,Pomegranate,Kharif,2017,9.38,12187.5
Kolhapur,Pomegranate,Rabi,2015,0,0
Kolhapur,Pomegranate,Rabi,2016,0,0
Kolhapur,Pomegranate,Rabi,2017,0,0
Kolhapur,Mango,Kharif,2015,0,0
Kolhapur,Mango,Kharif,2016,0,0
Kolhapur,Mango,Kharif,2017,0,0
Kolhapur,Mango,Rabi,2015,19.73,27615
Kolhapur,Mango,Rabi,2016,18.45,25830
Kolhapur,Mango,Rabi,2017,32.12,44975
Latur,Pomegranate,Kharif,2015,40,52000
Latur,Pomegranate,Kharif,2016,30,39000
Latur,Pomegranate,Kharif,2017,48.83,63472.5
Latur,Pomegranate,Rabi,2015,0,0
Latur,Pomegranate,Rabi,2016,0,0
Latur,Pomegranate,Rabi,2017,0,0
Latur,Mango,Kharif,2015,0,0
Latur,Mango,Kharif,2016,0,0
Latur,Mango,Kharif,2017,0,0
Latur,Mango,Rabi,2015,78.38,109725
Latur,Mango,Rabi,2016,72.08,100905
Latur,Mango,Rabi,2017,71.08,99505
Nanded,Pomegranate,Kharif,2015,30,39000
Nanded,Pomegranate,Kharif,2016,30,39000
Nanded,Pomegranate,Kharif,2017,29,37700
Nanded,Pomegranate,Rabi,2015,0,0
Nanded,Pomegranate,Rabi,2016,0,0
Nanded,Pomegranate,Rabi,2017,0,0
Nanded,Mango,Kharif,2015,0,0
Nanded,Mango,Kharif,2016,0,0
Nanded,Mango,Kharif,2017,0,0
Nanded,Mango,Rabi,2015,83.45,116830
Nanded,Mango,Rabi,2016,85.93,120295
Nanded,Mango,Rabi,2017,88.22,123515
Nandurbar,Pomegranate,Kharif,2015,38.52,50082.5
Nandurbar,Pomegranate,Kharif,2016,39.83,51772.5
Nandurbar,Pomegranate,Kharif,2017,29.18,37927.5
Nandurbar,Pomegranate,Rabi,2015,0,0
Nandurbar,Pomegranate,Rabi,2016,0,0
Nandurbar,Pomegranate,Rabi,2017,0,0
Nandurbar,Mango,Kharif,2015,0,0
Nandurbar,Mango,Kharif,2016,0,0
Nandurbar,Mango,Kharif,2017,0,0
Nandurbar,Mango,Rabi,2015,93.42,130795
Nandurbar,Mango,Rabi,2016,83.95,117530
Nandurbar,Mango,Rabi,2017,83.32,116655
Nashik,Pomegranate,Kharif,2015,18.6,24180
Nashik,Pomegranate,Kharif,2016,20,26000
Nashik,Pomegranate,Kharif,2017,19.65,25545
Nashik,Pomegranate,Rabi,2015,0,0
Nashik,Pomegranate,Rabi,2016,0,0
Nashik,Pomegranate,Rabi,2017,0,0
Nashik,Mango,Kharif,2015,0,0
Nashik,Mango,Kharif,2016,0,0
Nashik,Mango,Kharif,2017,0,0
Nashik,Mango,Rabi,2015,68.4,95760
Nashik,Mango,Rabi,2016,72.47,101465
Nashik,Mango,Rabi,2017,59.77,83685
Osmanabad,Pomegranate,Kharif,2015,50,65000
Osmanabad,Pomegranate,Kharif,2016,39.15,50895
Osmanabad,Pomegranate,Kharif,2017,39.5,51350
Osmanabad,Pomegranate,Rabi,2015,0,0
Osmanabad,Pomegranate,Rabi,2016,0,0
Osmanabad,Pomegranate,Rabi,2017,0,0
Osmanabad,Mango,Kharif,2015,0,0
Osmanabad,Mango,Kharif,2016,0,0
Osmanabad,Mango,Kharif,2017,0,0
Osmanabad,Mango,Rabi,2015,76.12,106575
Osmanabad,Mango,Rabi,2016,75.9,106260
Osmanabad,Mango,Rabi,2017,74.53,104335
Palghar,Pomegranate,Kharif,2015,28.85,37505
Palghar,Pomegranate,Kharif,2016,10,13000
Palghar,Pomegranate,Kharif,2017,9.18,11927.5
Palghar,Pomegranate,Rabi,2015,0,0
Palghar,Pomegranate,Rabi,2016,0,0
Palghar,Pomegranate,Rabi,2017,0,0
Palghar,Mango,Kharif,2015,0,0
Palghar,Mango,Kharif,2016,0,0
Palghar,Mango,Kharif,2017,0,0
Palghar,Mango,Rabi,2015,0,0
Palghar,Mango,Rabi,2016,0,0
Palghar,Mango,Rabi,2017,0,0
Parbhani,Pomegranate,Kharif,2015,29.98,38967.5
Parbhani,Pomegranate,Kharif,2016,39.1,50830
Parbhani,Pomegranate,Kharif,2017,29.68,38577.5
Parbhani,Pomegranate,Rabi,2015,0,0
Parbhani,Pomegranate,Rabi,2016,0,0
Parbhani,Pomegranate,Rabi,2017,0,0
Parbhani,Mango,Kharif,2015,0,0
Parbhani,Mango,Kharif,2016,0,0
Parbhani,Mango,Kharif,2017,0,0
Parbhani,Mango,Rabi,2015,90.55,126770
Parbhani,Mango,Rabi,2016,85.35,119490
Parbhani,Mango,Rabi,2017,80.67,112945
Pune,Pomegranate,Kharif,2015,39.08,50797.5
Pune,Pomegranate,Kharif,2016,10,13000
Pune,Pomegranate,Kharif,2017,0,0
Pune,Pomegranate,Rabi,2015,0,0
Pune,Pomegranate,Rabi,2016,0,0
Pune,Pomegranate,Rabi,2017,0,0
Pune,Mango,Kharif,2015,0,0
Pune,Mango,Kharif,2016,0,0
Pune,Mango,Kharif,2017,0,0
Pune,Mango,Rabi,2015,20,28000
Pune,Mango,Rabi,2016,37.88,53025
Pune,Mango,Rabi,2017,30,42000
Raigarh,Pomegranate,Kharif,2015,19.6,25480
Raigarh,Pomegranate,Kharif,2016,10,13000
Raigarh,Pomegranate,Kharif,2017,9.18,11927.5
Raigarh,Pomegranate,Rabi,2015,0,0
Raigarh,Pomegranate,Rabi,2016,0,0
Raigarh,Pomegranate,Rabi,2017,0,0
Raigarh,Mango,Kharif,2015,0,0
Raigarh,Mango,Kharif,2016,0,0
Raigarh,Mango,Kharif,2017,0,0
Raigarh,Mango,Rabi,2015,0,0
Raigarh,Mango,Rabi,2016,0,0
Raigarh,Mango,Rabi,2017,0,0
Ratnagiri,Pomegranate,Kharif,2015,9.7,12610
Ratnagiri,Pomegranate,Kharif,2016,10,13000
Ratnagiri,Pomegranate,Kharif,2017,0,0
Ratnagiri,Pomegranate,Rabi,2015,0,0
Ratnagiri,Pomegranate,Rabi,2016,0,0
Ratnagiri,Pomegranate,Rabi,2017,0,0
Ratnagiri,Mango,Kharif,2015,0,0
Ratnagiri,Mango,Kharif,2016,0,0
Ratnagiri,Mango,Kharif,2017,0,0
Ratnagiri,Mango,Rabi,2015,3.57,5005
Ratnagiri,Mango,Rabi,2016,3.35,4690
Ratnagiri,Mango,Rabi,2017,0,0
Sangli,Pomegranate,Kharif,2015,48.05,62465
Sangli,Pomegranate,Kharif,2016,10,13000
Sangli,Pomegranate,Kharif,2017,18.43,23952.5
Sangli,Pomegranate,Rabi,2015,0,0
Sangli,Pomegranate,Rabi,2016,0,0
Sangli,Pomegranate,Rabi,2017,0,0
Sangli,Mango,Kharif,2015,0,0
Sangli,Mango,Kharif,2016,0,0
Sangli,Mango,Kharif,2017,0,0
Sangli,Mango,Rabi,2015,48.65,68110
Sangli,Mango,Rabi,2016,58.75,82250
Sangli,Mango,Rabi,2017,44.45,62230
Satara,Pomegranate,Kharif,2015,18.82,24472.5
Satara,Pomegranate,Kharif,2016,10,13000
Satara,Pomegranate,Kharif,2017,0,0
Satara,Pomegranate,Rabi,2015,0,0
Satara,Pomegranate,Rabi,2016,0,0
Satara,Pomegranate,Rabi,2017,0,0
Satara,Mango,Kharif,2015,0,0
Satara,Mango,Kharif,2016,0,0
Satara,Mango,Kharif,2017,0,0
Satara,Mango,Rabi,2015,10,14000
Satara,Mango,Rabi,2016,18.38,25725
Satara,Mango,Rabi,2017,29.12,40775
Sindhudurg,Pomegranate,Kharif,2015,9.07,11797.5
Sindhudurg,Pomegranate,Kharif,2016,9.7,12610
Sindhudurg,Pomegranate,Kharif,2017,0,0
Sindhudurg,Pomegranate,Rabi,2015,0,0
Sindhudurg,Pomegranate,Rabi,2016,0,0
Sindhudurg,Pomegranate,Rabi,2017,0,0
Sindhudurg,Mango,Kharif,2015,0,0
Sindhudurg,Mango,Kharif,2016,0,0
Sindhudurg,Mango,Kharif,2017,0,0
Sindhudurg,Mango,Rabi,2015,0,0
Sindhudurg,Mango,Rabi,2016,2.35,3290
Sindhudurg,Mango,Rabi,2017,0,0
Solapur,Pomegranate,Kharif,2015,77.75,101075
Solapur,Pomegranate,Kharif,2016,30,39000
Solapur,Pomegranate,Kharif,2017,48.45,62985
Solapur,Pomegranate,Rabi,2015,0,0
Solapur,Pomegranate,Rabi,2016,0,0
Solapur,Pomegranate,Rabi,2017,0,0
Solapur,Mango,Kharif,2015,0,0
Solapur,Mango,Kharif,2016,0,0
Solapur,Mango,Kharif,2017,0,0
Solapur,Mango,Rabi,2015,88.15,123410
Solapur,Mango,Rabi,2016,73.52,102935
Solapur,Mango,Rabi,2017,66.47,93065
Thane,Pomegranate,Kharif,2015,19.25,25025
Thane,Pomegranate,Kharif,2016,10,13000
Thane,Pomegranate,Kharif,2017,9.38,12187.5
Thane,Pomegranate,Rabi,2015,0,0
Thane,Pomegranate,Rabi,2016,0,0
Thane,Pomegranate,Rabi,2017,0,0
Thane,Mango,Kharif,2015,0,0
Thane,Mango,Kharif,2016,0,0
Thane,Mango,Kharif,2017,0,0
Thane,Mango,Rabi,2015,0,0
Thane,Mango,Rabi,2016,4.07,5705
Thane,Mango,Rabi,2017,9.35,13090
Washim,Pomegranate,Kharif,2015,29.73,38642.5
Washim,Pomegranate,Kharif,2016,29.4,38220
Washim,Pomegranate,Kharif,2017,29.75,38675
Washim,Pomegranate,Rabi,2015,0,0
Washim,Pomegranate,Rabi,2016,0,0
Washim,Pomegranate,Rabi,2017,0,0
Washim,Mango,Kharif,2015,0,0
Washim,Mango,Kharif,2016,0,0
Washim,Mango,Kharif,2017,0,0
Washim,Mango,Rabi,2015,89.65,125510
Washim,Mango,Rabi,2016,76,106400
Washim,Mango,Rabi,2017,81.57,114205
