{
  "Ahmadnagar": [
    "Acid Lime",
    "Guava",
    "Mosambi (sweet lime)",
    "Orange",
    "Pomegranate",
    "Sapota"
  ],
  "Akola": [
    "Acid Lime",
    "Mosambi (sweet lime)",
    "Orange"
  ],
  "Amravati": [
    "Acid Lime",
    "Mosambi (sweet lime)",
    "Orange",
    "Pomegranate"
  ],
  "Aurangabad": [
    "Acid Lime",
    "Guava",
    "Mosambi (sweet lime)",
    "Pomegranate",
    "Sapota"
  ],
  "Bid": [
    "Acid Lime",
    "Mosambi (sweet lime)",
    "Orange",
    "Pomegranate",
    "Sapota"
  ],
  "Buldana": [
    "Acid Lime",
    "Guava",
    "Mosambi (sweet lime)",
    "Orange",
    "Pomegranate"
  ],
  "Dhule": [
    "Acid Lime",
    "Mosambi (sweet lime)",
    "Pomegranate"
  ],
  "Hingoli": [
    "Mosambi (sweet lime)",
    "Orange"
  ],
  "Jalgaon": [
    "Acid Lime",
    "Guava",
    "Mosambi (sweet lime)",
    "Pomegranate",
    "Sapota"
  ],
  "Jalna": [
    "Acid Lime",
    "Guava",
    "Mosambi (sweet lime)",
    "Orange",
    "Pomegranate",
    "Sapota"
  ],
  "Latur": [
    "Acid Lime",
    "Pomegranate"
  ],
  "Nagpur": [
    "Mosambi (sweet lime)",
    "Orange"
  ],
  "Nanded": [
    "Acid Lime",
    "Mosambi (sweet lime)"
  ],
  "Nashik": [
    "Acid Lime",
    "Guava",
    "Pomegranate",
    "Sapota"
  ],
  "Osmanabad": [
    "Acid Lime",
    "Mosambi (sweet lime)",
    "Pomegranate",
    "Sapota"
  ],
  "Palghar": [
    "Sapota"
  ],
  "Parbhani": [
    "Acid Lime",
    "Guava",
    "Mosambi (sweet lime)",
    "Orange",
    "Pomegranate",
    "Sapota"
  ],
  "Pune": [
    "Acid Lime",
    "Guava",
    "Mosambi (sweet lime)",
    "Orange",
    "Pomegranate",
    "Sapota"
  ],
  "Sangli": [
    "Acid Lime",
    "Guava",
    "Pomegranate"
  ],
  "Satara": [
    "Pomegranate"
  ],
  "Solapur": [
    "Acid Lime",
    "Guava",
    "Mosambi (sweet lime)",
    "Pomegranate",
    "Sapota"
  ],
  "Thane": [
    "Sapota"
  ],
  "Wardha": [
    "Acid Lime",
    "Mosambi (sweet lime)",
    "Orange"
  ],
  "Washim": [
    "Acid Lime",
    "Orange",
    "Pomegranate"
  ],
  "Yavatmal": [
    "Mosambi (sweet lime)",
    "Orange"
  ]
}